{
"scale_to_square_image_in_notifications":false,
"resume_on_audio_focus_gain":false,
"tablet_mode":"auto",
"screen_brightness_timestamp_key":1715924833766,
"popup_remember_size_pos_key":true,
"show_original_time_ago_key":false,
"limit_mobile_data_usage":"limit_data_usage_none",
"enable_playback_state_lists":true,
"channel_tabs":["show_channel_tabs_livestreams","show_channel_tabs_videos","show_channel_tabs_albums","show_channel_tabs_channels","show_channel_tabs_tracks","show_channel_tabs_about","show_channel_tabs_shorts","show_channel_tabs_playlists"],
"app_language_key":"system",
"popup_saved_width":1080.0,
"default_popup_resolution":"480p",
"show_higher_resolutions":false,
"last_resize_mode":0,
"use_external_video_player":false,
"show_comments":true,
"show_thumbnail_key":true,
"feed_show_played_items":true,
"show_crash_the_player_key":false,
"download_path_audio":"content://com.android.externalstorage.documents/tree/primary%3AMusic",
"popup_saved_x":0,
"prefer_original_audio":false,
"feed_update_threshold_key":"300",
"brightness_gesture_control":true,
"popup_saved_y":1270,
"notification_colorize_key":true,
"update_check_consent_key":true,
"volume_gesture_control":true,
"right_gesture_control":"volume_control",
"autoplay_key":"autoplay_never_key",
"feed_show_future_items":false,
"prefer_descriptive_audio":false,
"media_tunneling_device_blacklist_version":994,
"content_language":"system",
"image_quality_key":"image_quality_medium",
"enable_search_history":true,
"show_meta_info":true,
"preferred_open_action_key":"video_player",
"theme":"auto_device_theme",
"download_thumbnail_key":true,
"caption_user_set_key":"english (auto-generated)",
"default_video_format":"video_mp4",
"linear":true,
"show_description":true,
"adjustment_step_key":0.25,
"update_expiry_key":1717890533,
"last_used_preferences_version":6,
"seekbar_preview_thumbnail_key":"seekbar_preview_thumbnail_high_quality",
"left_gesture_control":"brightness_control",
"playback_unhook_key":true,
"show_hold_to_append":true,
"downloads_queue_limit":true,
"screen_brightness_key":1.0,
"use_inexact_seek_key":false,
"show_age_restricted_content":true,
"clear_queue_confirmation_key":false,
"last_dl_type_video":"last_dl_type_video",
"auto_queue_key":false,
"night_theme":"dark_theme",
"playback_skip_silence_key":false,
"enable_playback_resume":true,
"file_replacement_character":"_",
"update_app_key":true,
"default_resolution":"720p60",
"playback_adjust_by_semitones_key":true,
"downloads_max_retry":"3",
"content_country":"IN",
"show_next_video":true,
"downloads_storage_ask":false,
"download_path":"content://com.android.externalstorage.documents/tree/primary%3AMovies",
"list_view_mode":"auto",
"cross_network_downloads":false,
"allow_heap_dumping_key":false,
"feed_fetch_channel_tabs":["fetch_channel_tabs_shorts","fetch_channel_tabs_videos","fetch_channel_tabs_livestreams","fetch_channel_tabs_tracks"],
"saved_tabs_key":"{\"tabs\":[{\"tab_id\":1},{\"tab_id\":3},{\"tab_id\":8,\"playlist_service_id\":-1,\"playlist_url\":\"<no-url>\",\"playlist_name\":\"Later\",\"playlist_id\":1,\"playlist_type\":\"PLAYLIST_LOCAL_ITEM\"},{\"tab_id\":4}]}",
"storage_use_saf":true,
"feed_use_dedicated_fetch_method":true,
"show_image_indicators_key":false,
"show_search_suggestions":["show_local_search_suggestions","show_remote_search_suggestions"],
"progressive_load_interval":"64",
"start_main_player_fullscreen_key":false,
"youtube_restricted_mode_enabled":false,
"playback_pitch_key":1.0,
"file_rename_charset":"CHARSET_MOST_SPECIAL",
"enable_watch_history":true,
"ignore_hardware_media_buttons_key":false,
"main_tabs_position":false,
"disable_media_tunneling_key":false,
"minimize_on_exit_key":"minimize_on_exit_background_key",
"allow_disposed_exceptions_key":false,
"preferred_open_action_last_selected":"video_player",
"use_external_audio_player":false,
"import_export_data_path":"content://com.android.externalstorage.documents/document/primary%3ADocuments%2FNewPipeData-20231119_225654.zip",
"default_audio_format":"audio_m4a",
"playback_speed_key":1.0,
"show_play_with_kodi":false,
"seek_duration":"10000",
"peertube_instance_list":"{\"instances\":[{\"name\":\"FramaTube\",\"url\":\"https://framatube.org\"}]}",
"service":"YouTube",
"stream_info_selected_tab":"COMMENTS"
}